action,actor,user,org,repo,created_at,data.hook_id,data.events,data.events_were,data.target_login,data.old_user,data.team
repo.change_merge_setting,Mario1985-cyber,,,,1590139382395,,,,,,
oauth_authorization.create,Mario1985-cyber,Mario1985-cyber,,,1590142894053,,,,,,
oauth_authorization.create,Mario1985-cyber,Mario1985-cyber,,,1590388575473,,,,,,
repository_image.destroy,Mario1985-cyber,Mario1985-cyber,,Mario1985-cyber/gridsome,1590142533388,,,,,,
public_key.create,Mario1985-cyber,,,Mario1985-cyber/sanity-gridsome-blog,1590143026220,,,,,,
repo.create,Mario1985-cyber,Mario1985-cyber,,Mario1985-cyber/gridsome,1590142043412,,,,,,
repo.pages_source,Mario1985-cyber,Mario1985-cyber,,Mario1985-cyber/gridsome,1590143244517,,,,,,
repo.change_merge_setting,Mario1985-cyber,,,,1590143022818,,,,,,
repo.create,Mario1985-cyber,Mario1985-cyber,,Mario1985-cyber/sanity-gridsome-blog,1590143022979,,,,,,
repository_image.create,Mario1985-cyber,Mario1985-cyber,,Mario1985-cyber/gridsome,1590142572764,,,,,,
repo.pages_create,Mario1985-cyber,Mario1985-cyber,,Mario1985-cyber/gridsome,1590143244478,,,,,,
integration_installation.create,Mario1985-cyber,Mario1985-cyber,,,1590143244778,,,,,,
repo.create,Mario1985-cyber,,Http-hit,Http-hit/gridsome,1590142750419,,,,,,
oauth_authorization.create,Mario1985-cyber,Mario1985-cyber,,,1590142983195,,,,,,
integration_installation.repositories_added,Mario1985-cyber,Mario1985-cyber,,,1590312086960,,,,,,
repository_image.create,Mario1985-cyber,Mario1985-cyber,,Mario1985-cyber/jsqrcode,1590312030063,,,,,,
hook.events_changed,Mario1985-cyber,,,Mario1985-cyber/jsqrcode,1590313965205,214362754,"[""push""]","[""*""]",,,
repo.pages_https_redirect_enabled,Mario1985-cyber,Mario1985-cyber,,Mario1985-cyber/gridsome,1590143244581,,,,,,
user.login,Mario1985-cyber,Mario1985-cyber,,,1590138916145,,,,,,
sponsors.repo_funding_links_file_action,Mario1985-cyber,,,,1590312329016,,,,,,
hook.create,Mario1985-cyber,,,Mario1985-cyber/jsqrcode,1590313880823,214362754,"[""*""]",,,,
sponsors.repo_funding_links_file_action,Mario1985-cyber,,,,1590142621404,,,,,,
oauth_authorization.create,Mario1985-cyber,Mario1985-cyber,,,1590142922128,,,,,,
repo.create,Mario1985-cyber,,Http-hit,Http-hit/the-plan,1590139382610,,,,,,
repository_image.create,Mario1985-cyber,Mario1985-cyber,,Mario1985-cyber/gridsome,1590142512262,,,,,,
repo.actions_enabled,Mario1985-cyber,Mario1985-cyber,,Mario1985-cyber/jsqrcode,1590314518137,,,,,,
hook.create,Mario1985-cyber,,,Mario1985-cyber/sanity-gridsome-blog,1590143029353,213795765,"[""delete"", ""push""]",,,,
org.add_member,Mario1985-cyber,Mario1985-cyber,Http-hit,,1590139102664,,,,,,
repo.create,Mario1985-cyber,Mario1985-cyber,,Mario1985-cyber/jsqrcode,1590311344107,,,,,,
user.create,Mario1985-cyber,Mario1985-cyber,,,1590138915677,,,,,,
repo.pages_https_redirect_enabled,Mario1985-cyber,Mario1985-cyber,,Mario1985-cyber/jsqrcode,1590312086821,,,,,,
user.toggle_warn_private_email,Mario1985-cyber,Mario1985-cyber,,,1590143885327,,,,,,
repo.pages_create,Mario1985-cyber,Mario1985-cyber,,Mario1985-cyber/jsqrcode,1590312086741,,,,,,
repo.pages_source,Mario1985-cyber,Mario1985-cyber,,Mario1985-cyber/jsqrcode,1590312086769,,,,,,
public_key.verify,Mario1985-cyber,,,Mario1985-cyber/sanity-gridsome-blog,1590143026252,,,,,,
user.failed_login,Mario1985-cyber,Mario1985-cyber,,,1593258216010,,,,,,
repo.access,Mario1985-cyber,,Http-hit,Http-hit/the-plan,1594700491150,,,,,,
migration.create,Mario1985-cyber,,Mario1985-cyber,"[""Mario1985-cyber/gridsome"", ""Mario1985-cyber/html5-php"", ""Mario1985-cyber/jsqrcode"", ""Mario1985-cyber/node-fs-extra"", ""Mario1985-cyber/pg"", ""Mario1985-cyber/sanity-gridsome-blog""]",1594698077461,,,,,,
user.show_private_contributions_count,Mario1985-cyber,Mario1985-cyber,,,1594595626270,,,,,,
repo.create,Mario1985-cyber,Mario1985-cyber,,Mario1985-cyber/node-fs-extra,1594550424635,,,,,,
user.reset_password,Mario1985-cyber,Mario1985-cyber,,,1594555290285,,,,,,
hook.create,Mario1985-cyber,,Http-hit,Http-hit/gridsome,1594622373063,233726498,"[""push"", ""issues"", ""issue_comment"", ""commit_comment"", ""pull_request"", ""pull_request_review_comment"", ""gollum"", ""watch"", ""fork"", ""member"", ""public"", ""team_add"", ""status"", ""create"", ""delete"", ""release"", ""repository""]",,,,
user.failed_login,Mario1985-cyber,Mario1985-cyber,,,1595903128430,,,,,,
repository_image.create,Mario1985-cyber,,Http-hit,Http-hit/the-plan,1594700379051,,,,,,
user.show_private_contributions_count,Mario1985-cyber,Mario1985-cyber,,,1594783073219,,,,,,
user.device_verification_success,Mario1985-cyber,Mario1985-cyber,,,1594555290340,,,,,,
user.login,Mario1985-cyber,Mario1985-cyber,,,1594555305687,,,,,,
user_status.update,Mario1985-cyber,Mario1985-cyber,,,1594579120997,,,,,,
repo.create,Mario1985-cyber,Mario1985-cyber,,Mario1985-cyber/pg,1594321762126,,,,,,
repo.remove_topic,Mario1985-cyber,Mario1985-cyber,Http-hit,Http-hit/the-plan,1594698470605,,,,,,
oauth_authorization.create,Mario1985-cyber,Mario1985-cyber,,,1594622286021,,,,,,
oauth_authorization.create,Mario1985-cyber,Mario1985-cyber,,,1594263770722,,,,,,
profile_picture.update,Mario1985-cyber,,Http-hit,,1594621701565,,,,,,
user.failed_login,Mario1985-cyber,Mario1985-cyber,,,1594282588013,,,,,,
user.login,Mario1985-cyber,Mario1985-cyber,,,1594263469976,,,,,,
repository_image.destroy,,,Http-hit,Http-hit/the-plan,1594700379086,,,,,,
repository_image.create,Mario1985-cyber,,Http-hit,Http-hit/the-plan,1594700359276,,,,,,
public_key.verification_failure,Mario1985-cyber,,,Http-hit/gridsome,1594784662719,,,,,,
public_key.verify,Mario1985-cyber,,,Http-hit/gridsome,1594622372458,,,,,,
user.forgot_password,Mario1985-cyber,Mario1985-cyber,,,1594555207434,,,,,,
migration.create,Mario1985-cyber,,Mario1985-cyber,"[""Mario1985-cyber/gridsome"", ""Mario1985-cyber/html5-php"", ""Mario1985-cyber/jsqrcode"", ""Mario1985-cyber/node-fs-extra"", ""Mario1985-cyber/pg"", ""Mario1985-cyber/sanity-gridsome-blog""]",1594578669331,,,,,,
repo.add_topic,Mario1985-cyber,Mario1985-cyber,Http-hit,Http-hit/the-plan,1594698470888,,,,,,
repo.add_topic,Mario1985-cyber,Mario1985-cyber,Http-hit,Http-hit/the-plan,1594698462034,,,,,,
org.update_member_repository_creation_permission,Mario1985-cyber,,Http-hit,,1594622083244,,,,,,
user.failed_login,Mario1985-cyber,Mario1985-cyber,,,1595903101872,,,,,,
user.failed_login,Mario1985-cyber,Mario1985-cyber,,,1594555200424,,,,,,
migration.create,Mario1985-cyber,,Mario1985-cyber,"[""Mario1985-cyber/gridsome"", ""Mario1985-cyber/html5-php"", ""Mario1985-cyber/jsqrcode"", ""Mario1985-cyber/node-fs-extra"", ""Mario1985-cyber/pg"", ""Mario1985-cyber/sanity-gridsome-blog""]",1594782861069,,,,,,
user.failed_login,Mario1985-cyber,Mario1985-cyber,,,1594282606990,,,,,,
oauth_authorization.create,Mario1985-cyber,Mario1985-cyber,,,1594317790997,,,,,,
user.show_private_contributions_count,Mario1985-cyber,Mario1985-cyber,,,1594619683504,,,,,,
public_key.create,Mario1985-cyber,,,Http-hit/gridsome,1594622372426,,,,,,
repo.create,Mario1985-cyber,Mario1985-cyber,,Mario1985-cyber/html5-php,1594550789878,,,,,,
